insert into room_types(id, name_type) values(1, 'Одномісний Звичайний');
insert into room_types(id, name_type) values(2, 'Одномісний Люкс');
insert into room_types(id, name_type) values(3, 'Двомісний Звичайний');
insert into room_types(id, name_type) values(4, 'Двомісний Люкс');
insert into room_types(id, name_type) values(5, 'Тримісний Звичайний');
insert into room_types(id, name_type) values(6, 'Тримісний Люкс');

insert into employees(id, first_name, last_name, gender, date_of_birth,address, 
					  job_department,email, phone_number, salary)
values (1,'Володимир','Бочаров','ч','1969-02-15','Грецька 71 кв.5','Директор','bocharov@gmail.com','+380675264871',80000);
insert into employees(id, first_name, last_name, gender, date_of_birth,address, 
					  job_department,email, phone_number, salary)
values (2,'Олександра','Шевченко','ж','1987-12-15','Ак. Вільямса 45 кв.6','Ресепшіоніст','shevchenko@gmail.com','+380972563695',15000);
insert into employees(id, first_name, last_name, gender, date_of_birth,address, 
					  job_department,email, phone_number, salary)
values (3,'Олена','Колесникова','ж','1980-06-25','Мала Арнаутська 42 кв.45','Прибиральник','kolesnikova@gmail.com','+380663695842',7500);
insert into employees(id, first_name, last_name, gender, date_of_birth,address, 
					  job_department,email, phone_number, salary)
values (4,'Олексій','Чернобров','ч','1989-05-20','Єврейська 57 кв.62','Менеджер','chernobrov@gmail.com','+380632565498',20000);
insert into employees(id, first_name, last_name, gender, date_of_birth,address, 
					  job_department,email, phone_number, salary)
values (5,'Кирило','Миклушевский','ч','1976-11-02','Долга 13','Електрик','miklushevsky@gmail.com','+380684875269',12000);
insert into employees(id, first_name, last_name, gender, date_of_birth,address, 
					  job_department,email, phone_number, salary)
values (6,'Жанна','Максимова','ж','1985-04-13','Водопроводна 45 кв.4','Бухгалтер','maksimova@gmail.com','+380933658412',18000);
insert into employees(id, first_name, last_name, gender, date_of_birth,address, 
					  job_department,email, phone_number, salary)
values (7,'Антон','Тичина','ч','1990-01-30','Краснова 29','Систадмін','tychina@gmail.com','+380677771405',20000);
insert into employees(id, first_name, last_name, gender, date_of_birth,address, 
					  job_department,email, phone_number, salary)
values (8,'Віктор','Захаров','ч','1982-03-01','Левітана 12 кв.1','Охоронець','zacharov@gmail.com','+380680023401',10000);
insert into employees(id, first_name, last_name, gender, date_of_birth,address, 
					  job_department,email, phone_number, salary)
values (9,'Іван','Деркач','ч','1979-05-16','Ак. Корольова 98/3 кв.74','Технік','derkach@gmail.com','+380963609015',16000);
insert into employees(id, first_name, last_name, gender, date_of_birth,address, 
					  job_department,email, phone_number, salary)
values (10,'Сергій','Бабіч','ч','1970-09-07','Толбухіна 37','Портьє','babich@gmail.com','+380665569434',10000);
insert into employees(id, first_name, last_name, gender, date_of_birth,address, 
					  job_department,email, phone_number, salary)
values (11,'Світлана','Велика','ж','1980-02-26','Топольова 51','Секретар','velyka@gmail.com','+380630377594',17000);
insert into employees(id, first_name, last_name, gender, date_of_birth,address, 
					  job_department,email, phone_number, salary)
values (12,'Миколай','Лебедів','ч','1974-06-24','Ак. Вільямса 98/2 кв.58','Сантехнік','lebediv@gmail.com','+380636203699',13000);
insert into employees(id, first_name, last_name, gender, date_of_birth,address, 
					  job_department,email, phone_number, salary)
values (13,'Андрій','Дарієнко','ч','1993-10-12','Канатна 101 кв.26','Ресепшіоніст','darienko@gmail.com','+380975501934',15000);
insert into employees(id, first_name, last_name, gender, date_of_birth,address, 
					  job_department,email, phone_number, salary)
values (14,'Катерина','Ткач','ж','1995-03-07','Велика Арнаутська 23/1 кв.21','Ресепшіоніст','tkach@gmail.com','+380684563243',15000);
insert into employees(id, first_name, last_name, gender, date_of_birth,address, 
					  job_department,email, phone_number, salary)
values (15,'Вероніка','Бобенко','ж','1985-03-20','Рішельєвська 22 кв.34','Прибиральник','bobenko@gmail.com','+380668965411',7500);
insert into employees(id, first_name, last_name, gender, date_of_birth,address, 
					  job_department,email, phone_number, salary)
values (16,'Наталія','Ярошевська','ж','1996-04-16','Французький бул. кв.22','Прибиральник','yaroshevska@gmail.com','+380631472583',7500);
insert into employees(id, first_name, last_name, gender, date_of_birth,address, 
					  job_department,email, phone_number, salary)
values (17,'Надія','Матвеєва','ж','1999-12-03','Троїцька 34 кв.2','Прибиральник','matveeva@gmail.com','+380930267516',7500);
insert into employees(id, first_name, last_name, gender, date_of_birth,address, 
					  job_department,email, phone_number, salary)
values (18,'Сергій','Гордійчук','ч','1975-01-04','Королева 97/1 кв.45','Портьє','hordiychuk@gmail.com','+380632589510',10000);
insert into employees(id, first_name, last_name, gender, date_of_birth,address, 
					  job_department,email, phone_number, salary)
values (19,'Михайло','Зеленський','ч','1979-03-16','Львовска 121 кв.12','Охоронець','zelenckyi@gmail.com','+380971596328',10000);
insert into employees(id, first_name, last_name, gender, date_of_birth,address, 
					  job_department,email, phone_number, salary)
values (20,'Олександр','Шевчук','ч','1980-08-08','Ак. Глушка 11е кв.66','Бухгалтер','shevchuk@gmail.com','+380962684953',14000);

insert into roles(id, role_name) values(1,'Адміністратор');
insert into roles(id, role_name) values(2,'Ресепшіоніст');
insert into roles(id, role_name) values(3,'Менеджер');

insert into status_cleanliness(id, name_cleanliness) values(1,'Чисто');
insert into status_cleanliness(id, name_cleanliness) values(2,'Брудно');

insert into status_busyness(id, name_busyness) values(1,'Вільна');
insert into status_busyness(id, name_busyness) values(2,'Заброньована');

insert into users(id,login, password,id_employee, user_name) values(1,'shevchenko@gmail.com','!04TKK2Kn@',2,'Oleksandra');
insert into users(id,login, password,id_employee, user_name) values(2,'chernobrov@gmail.com','zm&w0&3XO4',4,'Oleksiy');
insert into users(id,login, password,id_employee, user_name) values(3,'tychina@gmail.com','ak#f718!Ne',7,'Anton');
insert into users(id,login, password, id_employee, user_name) values(4,'darienko@gmail.com','aW696$pK#7',13,'Andriy');
insert into users(id,login, password, id_employee, user_name) values(5,'tkach@gmail.com','o@M*L2w25p',14,'Katerina');

insert into rooms(id,number_room,price,room_type_id,id_cleanliness,id_busyness) values (1,101,1500,1,1,1);
insert into rooms(id,number_room,price,room_type_id,id_cleanliness,id_busyness) values (2,102,5000,2,2,1);
insert into rooms(id,number_room,price,room_type_id,id_cleanliness,id_busyness) values (3,103,2000,3,1,2);
insert into rooms(id,number_room,price,room_type_id,id_cleanliness,id_busyness) values (4,104,6000,4,2,1);
insert into rooms(id,number_room,price,room_type_id,id_cleanliness,id_busyness) values (5,201,2500,5,1,1);
insert into rooms(id,number_room,price,room_type_id,id_cleanliness,id_busyness) values (6,202,7000,6,1,2);
insert into rooms(id,number_room,price,room_type_id,id_cleanliness,id_busyness) values (7,203,1500,1,1,1);
insert into rooms(id,number_room,price,room_type_id,id_cleanliness,id_busyness) values (8,204,5000,2,1,1);
insert into rooms(id,number_room,price,room_type_id,id_cleanliness,id_busyness) values (9,301,2000,3,1,1);
insert into rooms(id,number_room,price,room_type_id,id_cleanliness,id_busyness) values (10,302,6000,4,2,1);
insert into rooms(id,number_room,price,room_type_id,id_cleanliness,id_busyness) values (11,303,2500,5,2,1);
insert into rooms(id,number_room,price,room_type_id,id_cleanliness,id_busyness) values (12,304,7000,6,1,2);
insert into rooms(id,number_room,price,room_type_id,id_cleanliness,id_busyness) values (13,401,1500,1,1,1);
insert into rooms(id,number_room,price,room_type_id,id_cleanliness,id_busyness) values (14,402,5000,2,1,1);
insert into rooms(id,number_room,price,room_type_id,id_cleanliness,id_busyness) values (15,403,2000,3,2,1);
insert into rooms(id,number_room,price,room_type_id,id_cleanliness,id_busyness) values (16,404,6000,4,1,1);
insert into rooms(id,number_room,price,room_type_id,id_cleanliness,id_busyness) values (17,501,2500,5,1,1);
insert into rooms(id,number_room,price,room_type_id,id_cleanliness,id_busyness) values (18,502,7000,6,1,1);
insert into rooms(id,number_room,price,room_type_id,id_cleanliness,id_busyness) values (19,503,2000,3,2,1);
insert into rooms(id,number_room,price,room_type_id,id_cleanliness,id_busyness) values (20,504,2500,5,2,1);

insert into customers(id, first_name, last_name, gender, phone_number, email) 
values (1,'Деніс','Захарченко','ч','+380972653410','zaharchenko@gmail.com');
insert into customers(id, first_name, last_name, gender, phone_number, email) 
values (2,'Іріна','Шадріна','ж','+380639436108','shadrina@gmail.com');
insert into customers(id, first_name, last_name, gender, phone_number, email) 
values (3,'Андрій','Шевченко','ч','+380937419805','shev@gmail.com');

insert into booking(id,customer_id,room_id,date_of_booking,date_in,date_out,count_of_days)
values (1,3,3,'2023-01-12','2023-03-15','2023-03-29',14);
insert into booking(id,customer_id,room_id,date_of_booking,date_in,date_out,count_of_days)
values (2,1,6,'2023-02-11','2023-04-01','2023-04-08',7);
insert into booking(id,customer_id,room_id,date_of_booking,date_in,date_out,count_of_days)
values (3,2,12,'2023-02-28','2023-04-15','2023-04-20',5);

insert into payment(id,date_of_payment,amount,booking_id)
values(1,'2023-01-15',28000,1);
insert into payment(id,date_of_payment,amount,booking_id)
values(2,'2023-04-01',49000,2);
insert into payment(id,date_of_payment,amount,booking_id)
values(3,'2023-04-15',35000,3);

insert into users_roles(user_id, role_id) values(1,2);
insert into users_roles(user_id, role_id) values(2,3);
insert into users_roles(user_id, role_id) values(3,1);
insert into users_roles(user_id, role_id) values(4,2);
insert into users_roles(user_id, role_id) values(5,2);